,0
"android.permission.GRANT_RUNTIME_PERMISSIONS
",0
"android.permission.CACHE_CONTENT
",0
"android.permission.SET_KEYBOARD_LAYOUT
",0
"android.permission.GET_ACCOUNTS_PRIVILEGED
",0
"android.permission.MODIFY_DAY_NIGHT_MODE
",0
"android.permission.ACCESS_NOTIFICATION_POLICY
",0
"android.permission.REMOVE_DRM_CERTIFICATES
",0
"android.permission.TV_INPUT_HARDWARE
",0
"android.permission.CHANGE_WIFI_STATE
",0
"android.permission.BIND_PRINT_SPOOLER_SERVICE
",0
"android.permission.MODIFY_CELL_BROADCASTS
",0
"android.permission.MEDIA_CONTENT_CONTROL
",0
"android.permission.MANAGE_APP_TOKENS
",0
"android.permission.BIND_VR_LISTENER_SERVICE
",0
"android.permission.LAUNCH_TRUST_AGENT_SETTINGS
",0
"android.permission.ASEC_DESTROY
",0
"android.permission.ACCESS_NETWORK_STATE
",0
"android.permission.BIND_SCREENING_SERVICE
",0
"android.permission.REGISTER_SIM_SUBSCRIPTION
",0
"android.permission.ASEC_ACCESS
",0
"android.permission.REAL_GET_TASKS
",0
"android.permission.BIND_PRINT_RECOMMENDATION_SERVICE
",0
"android.permission.CONFIGURE_DISPLAY_COLOR_TRANSFORM
",0
"android.permission.INTERACT_ACROSS_USERS
",0
"android.permission.KILL_BACKGROUND_PROCESSES
",0
"android.permission.USE_CREDENTIALS
",0
"android.permission.WRITE_SECURE_SETTINGS
",0
"android.permission.BLUETOOTH
",0
"android.permission.BLUETOOTH_STACK
",0
"android.permission.BIND_MIDI_DEVICE_SERVICE
",0
"android.permission.ACCOUNT_MANAGER
",0
"android.permission.SHUTDOWN
",0
"android.permission.READ_LOGS
",0
"android.permission.BIND_JOB_SERVICE
",0
"android.permission.CONNECTIVITY_INTERNAL
",0
"android.permission.DIAGNOSTIC
",0
"android.permission.REGISTER_CONNECTION_MANAGER
",0
"android.permission.PERFORM_SIM_ACTIVATION
",0
"android.permission.BROADCAST_NETWORK_PRIVILEGED
",0
"android.permission.CALL_PRIVILEGED
",0
"android.permission.MOUNT_UNMOUNT_FILESYSTEMS
",0
"android.permission.MASTER_CLEAR
",0
"android.permission.KILL_UID
",0
"android.permission.PACKET_KEEPALIVE_OFFLOAD
",0
"android.permission.READ_PRIVILEGED_PHONE_STATE
",0
"android.permission.ACCESS_DOWNLOAD_MANAGER
",0
"android.permission.SEND_RESPOND_VIA_MESSAGE
",0
"android.permission.SET_ORIENTATION
",0
"android.permission.SET_WALLPAPER_HINTS
",0
"android.permission.RESET_FINGERPRINT_LOCKOUT
",0
"android.permission.OVERRIDE_WIFI_CONFIG
",0
"android.permission.RETRIEVE_WINDOW_TOKEN
",0
"android.permission.BIND_CONDITION_PROVIDER_SERVICE
",0
"android.permission.RESTART_PACKAGES
",0
"android.permission.REORDER_TASKS
",0
"android.permission.READ_OEM_UNLOCK_STATE
",0
"android.permission.PERSISTENT_ACTIVITY
",0
"android.permission.RECEIVE_WIFI_CREDENTIAL_CHANGE
",0
"android.permission.DISPATCH_NFC_MESSAGE
",0
"android.permission.MANAGE_MEDIA_PROJECTION
",0
"android.permission.CONTROL_VPN
",0
"android.permission.BIND_PRINT_SERVICE
",0
"android.permission.NET_TUNNELING
",0
"android.permission.DELETE_PACKAGES
",0
"android.permission.SEND_SMS_NO_CONFIRMATION
",0
"android.permission.TABLET_MODE
",0
"android.permission.LOCAL_MAC_ADDRESS
",0
"android.permission.MODIFY_APPWIDGET_BIND_PERMISSIONS
",0
"android.permission.RECEIVE_BLUETOOTH_MAP
",0
"android.permission.WRITE_SYNC_SETTINGS
",0
"android.permission.CLEAR_APP_CACHE
",0
"android.permission.FREEZE_SCREEN
",0
"android.permission.SET_WALLPAPER_COMPONENT
",0
"android.permission.MANAGE_VOICE_KEYPHRASES
",0
"android.permission.OBSERVE_GRANT_REVOKE_PERMISSIONS
",0
"android.permission.WRITE_SMS
",0
"android.permission.BIND_REMOTE_DISPLAY
",0
"android.permission.CONTROL_KEYGUARD
",0
"android.permission.RECEIVE_BOOT_COMPLETED
",0
"android.permission.REQUEST_IGNORE_BATTERY_OPTIMIZATIONS
",0
"android.permission.CHANGE_BACKGROUND_DATA_SETTING
",0
"android.permission.READ_PRECISE_PHONE_STATE
",0
"android.permission.READ_SYNC_STATS
",0
"android.permission.WAKE_LOCK
",0
"android.permission.NOTIFY_PENDING_SYSTEM_UPDATE
",0
"android.permission.BIND_DIRECTORY_SEARCH
",0
"android.permission.BIND_CARRIER_MESSAGING_SERVICE
",0
"android.permission.MODIFY_AUDIO_SETTINGS
",0
"android.permission.READ_WIFI_CREDENTIAL
",0
"android.permission.BLUETOOTH_PRIVILEGED
",0
"android.permission.READ_SOCIAL_STREAM
",0
"android.permission.READ_DREAM_STATE
",0
"android.permission.SCORE_NETWORKS
",0
"android.permission.REMOTE_AUDIO_PLAYBACK
",0
"android.permission.WRITE_DREAM_STATE
",0
"android.permission.OEM_UNLOCK_STATE
",0
"android.permission.BIND_PACKAGE_VERIFIER
",0
"android.permission.CAMERA_SEND_SYSTEM_EVENTS
",0
"android.permission.INTERACT_ACROSS_USERS_FULL
",0
"android.permission.GET_PACKAGE_SIZE
",0
"android.permission.WRITE_PROFILE
",0
"android.permission.DISPATCH_PROVISIONING_MESSAGE
",0
"android.permission.SET_ANIMATION_SCALE
",0
"android.permission.MODIFY_AUDIO_ROUTING
",0
"android.permission.NET_ADMIN
",0
"android.permission.CONTROL_INCALL_EXPERIENCE
",0
"android.permission.MANAGE_USERS
",0
"android.permission.INVOKE_CARRIER_SETUP
",0
"android.permission.MANAGE_DOCUMENTS
",0
"android.permission.MANAGE_SOUND_TRIGGER
",0
"android.permission.DISABLE_KEYGUARD
",0
"android.permission.SUBSTITUTE_NOTIFICATION_APP_NAME
",0
"android.permission.GET_INTENT_SENDER_INTENT
",0
"android.permission.ACCESS_DRM_CERTIFICATES
",0
"android.permission.BIND_TV_INPUT
",0
"android.permission.BIND_TRUST_AGENT
",0
"android.permission.CONFIRM_FULL_BACKUP
",0
"android.permission.WRITE_SETTINGS
",0
"android.permission.ACCESS_WIFI_STATE
",0
"android.permission.RECEIVE_EMERGENCY_BROADCAST
",0
"android.permission.SERIAL_PORT
",0
"android.permission.ACCESS_FM_RADIO
",0
"android.permission.GET_PASSWORD
",0
"android.permission.READ_INPUT_STATE
",0
"android.permission.BIND_DEVICE_ADMIN
",0
"android.permission.RECEIVE_STK_COMMANDS
",0
"android.permission.TETHER_PRIVILEGED
",0
"android.permission.GET_PACKAGE_IMPORTANCE
",0
"android.permission.PROVIDE_TRUST_AGENT
",0
"android.permission.MOUNT_FORMAT_FILESYSTEMS
",0
"android.permission.CAPTURE_TV_INPUT
",0
"android.permission.ACCESS_SURFACE_FLINGER
",0
"android.permission.SET_SCREEN_COMPATIBILITY
",0
"android.permission.HARDWARE_TEST
",0
"android.permission.USER_ACTIVITY
",0
"android.permission.MANAGE_CA_CERTIFICATES
",0
"android.permission.SYSTEM_ALERT_WINDOW
",0
"android.permission.ALLOW_ANY_CODEC_FOR_PLAYBACK
",0
"android.permission.READ_SEARCH_INDEXABLES
",0
"android.permission.DELETE_CACHE_FILES
",0
"android.permission.DOWNLOAD_CACHE_NON_PURGEABLE
",0
"android.permission.MOVE_PACKAGE
",0
"android.permission.CAMERA_DISABLE_TRANSMIT_LED
",0
"android.permission.SET_ALWAYS_FINISH
",0
"android.permission.MODIFY_PHONE_STATE
",0
"android.permission.READ_INSTALL_SESSIONS
",0
"android.permission.SET_DEBUG_APP
",0
"android.permission.BRICK
",0
"android.permission.ASEC_MOUNT_UNMOUNT
",0
"android.permission.BIND_KEYGUARD_APPWIDGET
",0
"android.permission.BROADCAST_PHONE_ACCOUNT_REGISTRATION
",0
"android.permission.CAPTURE_AUDIO_OUTPUT
",0
"android.permission.BLUETOOTH_MAP
",0
"android.permission.EXPAND_STATUS_BAR
",0
"android.permission.NFC_HANDOVER_STATUS
",0
"android.permission.INSTALL_PACKAGES
",0
"android.permission.SEND_CALL_LOG_CHANGE
",0
"android.permission.BIND_TV_REMOTE_SERVICE
",0
"android.permission.BROADCAST_PACKAGE_REMOVED
",0
"android.permission.BIND_INCALL_SERVICE
",0
"android.permission.REQUEST_INSTALL_PACKAGES
",0
"android.permission.READ_FRAME_BUFFER
",0
"android.permission.ACCESS_LOCATION_EXTRA_COMMANDS
",0
"android.permission.MANAGE_NOTIFICATIONS
",0
"android.permission.SUBSCRIBED_FEEDS_READ
",0
"android.permission.SET_POINTER_SPEED
",0
"android.permission.HDMI_CEC
",0
"android.permission.ACCESS_NETWORK_CONDITIONS
",0
"android.permission.DUMP
",0
"android.permission.CHANGE_NETWORK_STATE
",0
"android.permission.UPDATE_APP_OPS_STATS
",0
"android.permission.FRAME_STATS
",0
"android.permission.BIND_CARRIER_SERVICES
",0
"android.permission.BACKUP
",0
"android.permission.CONTROL_WIFI_DISPLAY
",0
"android.permission.VIBRATE
",0
"android.permission.BIND_VOICE_INTERACTION
",0
"android.permission.GET_DETAILED_TASKS
",0
"android.permission.RECOVERY
",0
"android.permission.TRANSMIT_IR
",0
"android.permission.TV_VIRTUAL_REMOTE_CONTROLLER
",0
"android.permission.BIND_APPWIDGET
",0
"android.permission.DEVICE_POWER
",0
"android.permission.GLOBAL_SEARCH
",0
"android.permission.MODIFY_PARENTAL_CONTROLS
",0
"android.permission.FILTER_EVENTS
",0
"android.permission.REMOVE_TASKS
",0
"android.permission.SET_TIME_ZONE
",0
"android.permission.MANAGE_APP_OPS_RESTRICTIONS
",0
"android.permission.CAPTURE_VIDEO_OUTPUT
",0
"android.permission.STORAGE_INTERNAL
",0
"android.permission.MANAGE_USB
",0
"android.permission.ACCESS_NOTIFICATIONS
",0
"android.permission.ACCESS_DOWNLOAD_MANAGER_ADVANCED
",0
"android.permission.READ_NETWORK_USAGE_HISTORY
",0
"android.permission.MODIFY_NETWORK_ACCOUNTING
",0
"android.permission.SIGNAL_PERSISTENT_PROCESSES
",0
"android.permission.CHANGE_APP_IDLE_STATE
",0
"android.permission.UPDATE_LOCK_TASK_PACKAGES
",0
"android.permission.ACCESS_VOICE_INTERACTION_SERVICE
",0
"android.permission.ACCESS_PDB_STATE
",0
"android.permission.GET_TASKS
",0
"android.permission.GET_TOP_ACTIVITY_INFO
",0
"android.permission.STATUS_BAR
",0
"android.permission.GET_APP_OPS_STATS
",0
"android.permission.BIND_ACCESSIBILITY_SERVICE
",0
"android.permission.BIND_ROUTE_PROVIDER
",0
"android.permission.BIND_WALLPAPER
",0
"android.permission.DVB_DEVICE
",0
"android.permission.BIND_VPN_SERVICE
",0
"android.permission.SET_WALLPAPER
",0
"android.permission.ACCESS_KEYGUARD_SECURE_STORAGE
",0
"android.permission.CONTROL_LOCATION_UPDATES
",0
"android.permission.STOP_APP_SWITCHES
",0
"android.permission.ACCESS_MOCK_LOCATION
",0
"android.permission.INTENT_FILTER_VERIFICATION_AGENT
",0
"android.permission.WRITE_BLOCKED_NUMBERS
",0
"android.permission.BROADCAST_WAP_PUSH
",0
"android.permission.ACCESS_CHECKIN_PROPERTIES
",0
"android.permission.FORCE_STOP_PACKAGES
",0
"android.permission.FORCE_BACK
",0
"android.permission.READ_USER_DICTIONARY
",0
"android.permission.FLASHLIGHT
",0
"android.permission.FACTORY_TEST
",0
"android.permission.MANAGE_ACTIVITY_STACKS
",0
"android.permission.GET_APP_GRANTED_URI_PERMISSIONS
",0
"android.permission.REGISTER_CALL_PROVIDER
",0
"android.permission.INSTALL_LOCATION_PROVIDER
",0
"android.permission.LOCATION_HARDWARE
",0
"android.permission.WRITE_USER_DICTIONARY
",0
"android.permission.MANAGE_DEVICE_ADMINS
",0
"android.permission.RETRIEVE_WINDOW_CONTENT
",0
"android.permission.BIND_NOTIFICATION_RANKER_SERVICE
",0
"android.permission.BIND_QUICK_SETTINGS_TILE
",0
"android.permission.BIND_TELECOM_CONNECTION_SERVICE
",0
"android.permission.ASEC_RENAME
",0
"android.permission.BIND_DREAM_SERVICE
",0
"android.permission.SUBSCRIBED_FEEDS_WRITE
",0
"android.permission.WRITE_GSERVICES
",0
"android.permission.REVOKE_RUNTIME_PERMISSIONS
",0
"android.permission.BROADCAST_SMS
",0
"android.permission.CHANGE_DEVICE_IDLE_TEMP_WHITELIST
",0
"android.permission.SET_TIME
",0
"android.permission.SET_ACTIVITY_WATCHER
",0
"android.permission.TRUST_LISTENER
",0
"android.permission.START_TASKS_FROM_RECENTS
",0
"android.permission.ACCESS_CACHE_FILESYSTEM
",0
"android.permission.AUTHENTICATE_ACCOUNTS
",0
"android.permission.BROADCAST_STICKY
",0
"android.permission.WRITE_SOCIAL_STREAM
",0
"android.permission.CRYPT_KEEPER
",0
"android.permission.PACKAGE_VERIFICATION_AGENT
",0
"android.permission.LOOP_RADIO
",0
"android.permission.SET_PROCESS_LIMIT
",0
"android.permission.ACCESS_ALL_DOWNLOADS
",0
"android.permission.ACCESS_WIMAX_STATE
",0
"android.permission.RECEIVE_DATA_ACTIVITY_CHANGE
",0
"android.permission.BIND_NFC_SERVICE
",0
"android.permission.BIND_RUNTIME_PERMISSION_PRESENTER_SERVICE
",0
"android.permission.ACCESS_BLUETOOTH_SHARE
",0
"android.permission.MANAGE_NETWORK_POLICY
",0
"android.permission.ACCESS_CONTENT_PROVIDERS_EXTERNALLY
",0
"android.permission.UPDATE_CONFIG
",0
"android.permission.REGISTER_WINDOW_MANAGER_LISTENERS
",0
"android.permission.STATUS_BAR_SERVICE
",0
"android.permission.UPDATE_DEVICE_STATS
",0
"android.permission.MANAGE_ACCOUNTS
",0
"android.permission.COPY_PROTECTED_DATA
",0
"android.permission.READ_BLOCKED_NUMBERS
",0
"android.permission.ACCESS_MTP
",0
"android.permission.ASEC_CREATE
",0
"android.permission.CARRIER_FILTER_SMS
",0
"android.permission.INTERNAL_SYSTEM_WINDOW
",0
"android.permission.CHANGE_WIFI_MULTICAST_STATE
",0
"android.permission.BIND_INTENT_FILTER_VERIFIER
",0
"android.permission.RESET_SHORTCUT_MANAGER_THROTTLING
",0
"android.permission.INTERNET
",0
"android.permission.CLEAR_APP_GRANTED_URI_PERMISSIONS
",0
"android.permission.PEERS_MAC_ADDRESS
",0
"android.permission.PROCESS_PHONE_ACCOUNT_REGISTRATION
",0
"android.permission.INSTALL_GRANT_RUNTIME_PERMISSIONS
",0
"android.permission.MANAGE_PROFILE_AND_DEVICE_OWNERS
",0
"android.permission.PROCESS_CALLLOG_INFO
",0
"android.permission.CHANGE_WIMAX_STATE
",0
"android.permission.CHANGE_CONFIGURATION
",0
"android.permission.ACCESS_VR_MANAGER
",0
"android.permission.CLEAR_APP_USER_DATA
",0
"android.permission.CAPTURE_AUDIO_HOTWORD
",0
"android.permission.SEND_DOWNLOAD_COMPLETED_INTENTS
",0
"android.permission.PERFORM_CDMA_PROVISIONING
",0
"android.permission.RECEIVE_MEDIA_RESOURCE_USAGE
",0
"android.permission.CREATE_USERS
",0
"android.permission.ACCESS_INPUT_FLINGER
",0
"android.permission.BIND_TEXT_SERVICE
",0
"android.permission.SET_PREFERRED_APPLICATIONS
",0
"android.permission.ACCESS_EPHEMERAL_APPS
",0
"android.permission.BIND_CONNECTION_SERVICE
",0
"android.permission.READ_SYNC_SETTINGS
",0
"android.permission.GLOBAL_SEARCH_CONTROL
",0
"android.permission.INJECT_EVENTS
",0
"android.permission.BROADCAST_CALLLOG_INFO
",0
"android.permission.CONFIGURE_WIFI_DISPLAY
",0
"android.permission.WRITE_APN_SETTINGS
",0
"android.permission.BLUETOOTH_ADMIN
",0
"android.permission.WRITE_MEDIA_STORAGE
",0
"android.permission.GET_PROCESS_STATE_AND_OOM_SCORE
",0
"android.permission.UPDATE_LOCK
",0
"android.permission.TEMPORARY_ENABLE_ACCESSIBILITY
",0
"android.permission.SET_INPUT_CALIBRATION
",0
"android.permission.BIND_REMOTEVIEWS
",0
"android.permission.PACKAGE_USAGE_STATS
",0
"android.permission.BIND_CHOOSER_TARGET_SERVICE
",0
"android.permission.MANAGE_FINGERPRINT
",0
"android.permission.CHANGE_COMPONENT_ENABLED_STATE
",0
"android.permission.BIND_INPUT_METHOD
",0
"android.permission.BIND_NOTIFICATION_LISTENER_SERVICE
",0
"android.permission.QUERY_DO_NOT_ASK_CREDENTIALS_ON_BOOT
",0
"android.permission.CAPTURE_SECURE_VIDEO_OUTPUT
",0
"android.permission.START_ANY_ACTIVITY
",0
"android.permission.REBOOT
",0
"android.permission.READ_PROFILE
",0
"android.permission.BATTERY_STATS
",0
"android.permission.NFC
",0
"android.permission.START_PRINT_SERVICE_CONFIG_ACTIVITY
",0
com.twitter.android.permission.RESTRICTED,1
android.permission.INTERNET,1
android.permission.ACCESS_NETWORK_STATE,1
android.permission.VIBRATE,1
android.permission.READ_PROFILE,1
android.permission.READ_CONTACTS,1
android.permission.GET_ACCOUNTS,1
android.permission.MANAGE_ACCOUNTS,1
android.permission.AUTHENTICATE_ACCOUNTS,1
android.permission.READ_SYNC_SETTINGS,1
android.permission.WRITE_SYNC_SETTINGS,1
android.permission.ACCESS_FINE_LOCATION,1
android.permission.USE_CREDENTIALS,1
android.permission.SYSTEM_ALERT_WINDOW,1
android.permission.WAKE_LOCK,1
android.permission.WRITE_EXTERNAL_STORAGE,1
com.twitter.android.permission.READ_DATA,1
com.google.android.providers.gsf.permission.READ_GSERVICES,1
com.android.launcher.permission.INSTALL_SHORTCUT,1
android.permission.READ_PHONE_STATE,1
android.permission.CAMERA,1
android.permission.RECORD_AUDIO,1
android.permission.ACCESS_COARSE_LOCATION,1
com.huawei.android.launcher.permission.READ_SETTINGS,1
com.huawei.android.launcher.permission.WRITE_SETTINGS,1
com.huawei.android.launcher.permission.CHANGE_BADGE,1
com.sonyericsson.home.permission.BROADCAST_BADGE,1
com.sonymobile.home.permission.PROVIDER_INSERT_BADGE,1
com.sec.android.provider.badge.permission.READ,1
com.sec.android.provider.badge.permission.WRITE,1
com.oppo.launcher.permission.READ_SETTINGS,1
com.oppo.launcher.permission.WRITE_SETTINGS,1
com.htc.launcher.permission.READ_SETTINGS,1
com.htc.launcher.permission.UPDATE_SHORTCUT,1
com.anddoes.launcher.permission.UPDATE_COUNT,1
android.permission.ACCESS_WIFI_STATE,1
com.google.android.c2dm.permission.RECEIVE,1
android.permission.RECEIVE_BOOT_COMPLETED,1
android.permission.READ_EXTERNAL_STORAGE,1
com.google.android.finsky.permission.BIND_GET_INSTALL_REFERRER_SERVICE,1
